id,created_utc,created_iso,title,episode_code,is_trailer,num_comments,score,author,permalink,url
1qj30qt,1769013924,2026-01-21T16:45:24+00:00,"'There's going to be a bandwagon': After Heated Rivalry, women are driving a gay erotic boom on screen",,0,55,0,modooff,https://www.reddit.com/r/television/comments/1qj30qt/theres_going_to_be_a_bandwagon_after_heated/,https://www.bbc.com/culture/article/20260119-after-heated-rivalry-women-are-driving-a-gay-erotic-boom-on-screen
1qihxy0,1768953326,2026-01-20T23:55:26+00:00,‘North of North’ Begins Season 2 Filming as Netflix Teases Premiere Date,,0,40,347,True_Dot_9952,https://www.reddit.com/r/television/comments/1qihxy0/north_of_north_begins_season_2_filming_as_netflix/,https://www.tvinsider.com/1189267/north-of-north-season-2-premiere-date-trailer-cast-plot-netflix/
1qi6elc,1768927962,2026-01-20T16:52:42+00:00,It’s time to talk about how weird straight girls are being about Heated Rivalry,,0,60,0,DetectiveHot2071,https://www.reddit.com/r/television/comments/1qi6elc/its_time_to_talk_about_how_weird_straight_girls/,https://thetab.com/2026/01/20/okay-its-time-to-talk-about-how-weird-straight-girls-are-being-about-heated-rivalry
1qfytwc,1768710454,2026-01-18T04:27:34+00:00,Teenage Bounty Hunters (Netflix),,0,28,0,bjorjack,https://www.reddit.com/r/television/comments/1qfytwc/teenage_bounty_hunters_netflix/,https://www.reddit.com/r/television/comments/1qfytwc/teenage_bounty_hunters_netflix/
1qfroh9,1768690931,2026-01-17T23:02:11+00:00,Popularity of ‘Heated Rivalry’ Has Surprised Even TV Executives,,0,355,1850,bwermer,https://www.reddit.com/r/television/comments/1qfroh9/popularity_of_heated_rivalry_has_surprised_even/,https://www.nytimes.com/2026/01/10/business/media/heated-rivalry-hbo-max-popularity.html
1qfi4s1,1768668450,2026-01-17T16:47:30+00:00,"‘Heated Rivalry’s François Arnaud Says NHL Is “Good At Capitalizing” On Show, Hopes They Can “Back It Up” With Support",,0,64,452,pepperbet1,https://www.reddit.com/r/television/comments/1qfi4s1/heated_rivalrys_françois_arnaud_says_nhl_is_good/,https://deadline.com/2026/01/heated-rivalry-francois-arnaud-nhl-good-capitalizing-1236685919/
1qbzash,1768329459,2026-01-13T18:37:39+00:00,Results for the 2025 r/television survey,,0,127,127,TVModBot,https://www.reddit.com/r/television/comments/1qbzash/results_for_the_2025_rtelevision_survey/,https://i.redd.it/7zvjs2mav5dg1.png
1qavpvj,1768226624,2026-01-12T14:03:44+00:00,"I aggregated 117 ""Best TV Shows of 2025"" lists because Metacritic wouldn't - Final Update",,0,81,574,shamrockstriker,https://www.reddit.com/r/television/comments/1qavpvj/i_aggregated_117_best_tv_shows_of_2025_lists/,https://www.reddit.com/r/television/comments/1qavpvj/i_aggregated_117_best_tv_shows_of_2025_lists/
1qavbte,1768225673,2026-01-12T13:47:53+00:00,Is Heated Rivalry worth the time? What makes it good?,,0,24,0,Big-Entrepreneur-987,https://www.reddit.com/r/television/comments/1qavbte/is_heated_rivalry_worth_the_time_what_makes_it/,https://www.reddit.com/r/television/comments/1qavbte/is_heated_rivalry_worth_the_time_what_makes_it/
1q7f2d4,1767886907,2026-01-08T15:41:47+00:00,'Heated Rivalry' star Hudson Williams says closeted professional athletes have been reaching out privately,,0,594,7542,bwermer,https://www.reddit.com/r/television/comments/1q7f2d4/heated_rivalry_star_hudson_williams_says_closeted/,https://ew.com/heated-rivalry-hudson-williams-says-closeted-professional-athletes-reaching-out-privately-11881141
1q76beo,1767860331,2026-01-08T08:18:51+00:00,Did Heated Rivalry open something emotional in you too?,,0,15,0,christyyy93,https://www.reddit.com/r/television/comments/1q76beo/did_heated_rivalry_open_something_emotional_in/,https://www.reddit.com/r/television/comments/1q76beo/did_heated_rivalry_open_something_emotional_in/
1q6gtqh,1767796224,2026-01-07T14:30:24+00:00,"GLAAD Media Awards: ‘Heated Rivalry’, ‘Stranger Things’ & ‘Christy’ Among 2026 Nominees",,0,18,67,The_Iceman2288,https://www.reddit.com/r/television/comments/1q6gtqh/glaad_media_awards_heated_rivalry_stranger_things/,https://deadline.com/2026/01/glaad-media-awards-2026-nominations-list-1236665542/
1q6df7l,1767786864,2026-01-07T11:54:24+00:00,Heated Rivalry: Do people really like that show or is it because of the gay relationship ?,,0,38,0,Venus_ivy4,https://www.reddit.com/r/television/comments/1q6df7l/heated_rivalry_do_people_really_like_that_show_or/,https://www.reddit.com/r/television/comments/1q6df7l/heated_rivalry_do_people_really_like_that_show_or/
1pz6sx7,1767064173,2025-12-30T03:09:33+00:00,"Why ‘Heated Rivalry’ Can’t Compete at the Emmys — and Likely Won’t Be Able to for Season 2, Either",,0,17,0,EuphoricButterflyy,https://www.reddit.com/r/television/comments/1pz6sx7/why_heated_rivalry_cant_compete_at_the_emmys_and/,https://variety.com/2025/tv/news/heated-rivalry-emmys-eligibility-season-2-1236619236/
1pz6a5l,1767062757,2025-12-30T02:45:57+00:00,Is Heated Rivalry Actually THAT Good?,,0,309,158,fuzzy9997,https://www.reddit.com/r/television/comments/1pz6a5l/is_heated_rivalry_actually_that_good/,https://www.reddit.com/r/television/comments/1pz6a5l/is_heated_rivalry_actually_that_good/
1pxqs7f,1766926767,2025-12-28T12:59:27+00:00,Online discourse is ruining tv (A gay man’s perspective),,0,24,0,Slight-Obligation390,https://www.reddit.com/r/television/comments/1pxqs7f/online_discourse_is_ruining_tv_a_gay_mans/,https://www.reddit.com/r/television/comments/1pxqs7f/online_discourse_is_ruining_tv_a_gay_mans/
1pwzwx3,1766847929,2025-12-27T15:05:29+00:00,"TVLine's Performers Of The Week: Connor Storrie And Hudson Williams (""Heated Rivalry"")",,0,75,446,DemiFiendRSA,https://www.reddit.com/r/television/comments/1pwzwx3/tvlines_performers_of_the_week_connor_storrie_and/,https://www.tvline.com/2061308/connor-storrie-hudson-williams-performance-heated-rivalry-season-1-finale/
1pw505j,1766757750,2025-12-26T14:02:30+00:00,"Heated Rivalry - 1x06 - ""The Cottage"" - Episode Discussion",1x06,0,76,178,NicholasCajun,https://www.reddit.com/r/television/comments/1pw505j/heated_rivalry_1x06_the_cottage_episode_discussion/,https://www.reddit.com/r/television/comments/1pw505j/heated_rivalry_1x06_the_cottage_episode_discussion/
1pw4t4r,1766757211,2025-12-26T13:53:31+00:00,"‘Heated Rivalry’ Creator Explains Why Finale Sex Scenes Are His Favorite, Teases Season 2 & Beyond “Will Always Be Centered Around” Shane & Ilya",,0,17,0,AdSpecialist6598,https://www.reddit.com/r/television/comments/1pw4t4r/heated_rivalry_creator_explains_why_finale_sex/,https://deadline.com/2025/12/heated-rivalry-creator-finale-sex-scenes-favorite-season-2-1236657013/
1pvuny6,1766720663,2025-12-26T03:44:23+00:00,Tv Series paying for review bots on imbd??,,0,22,0,ImmaTigerBroo,https://www.reddit.com/r/television/comments/1pvuny6/tv_series_paying_for_review_bots_on_imbd/,https://www.reddit.com/r/television/comments/1pvuny6/tv_series_paying_for_review_bots_on_imbd/
1puxtj9,1766611743,2025-12-24T21:29:03+00:00,‘Heated Rivalry’ and the Art of a Truly Joyful Press Tour,,0,22,320,lawrencedun2002,https://www.reddit.com/r/television/comments/1puxtj9/heated_rivalry_and_the_art_of_a_truly_joyful/,https://www.hollywoodreporter.com/tv/tv-features/heated-rivalry-connor-storrie-hudson-williams-chemistry-fans-1236457400/
1ptk30a,1766462276,2025-12-23T03:57:56+00:00,Highest rated episodes on IMDB(with votes over 10k).,,0,16,1,Standard-Attention68,https://www.reddit.com/r/television/comments/1ptk30a/highest_rated_episodes_on_imdbwith_votes_over_10k/,https://www.reddit.com/r/television/comments/1ptk30a/highest_rated_episodes_on_imdbwith_votes_over_10k/
1pti6uf,1766456695,2025-12-23T02:24:55+00:00,Gay male audiences are allowed to question actors under the guise of “representation”.,,0,51,0,DiscoPandaWarrior,https://www.reddit.com/r/television/comments/1pti6uf/gay_male_audiences_are_allowed_to_question_actors/,https://www.reddit.com/r/television/comments/1pti6uf/gay_male_audiences_are_allowed_to_question_actors/
1ptfymh,1766450391,2025-12-23T00:39:51+00:00,Worst TV Shows (Most Disappointing Shows) of 2025,,0,1869,978,Critical_Parking1319,https://www.reddit.com/r/television/comments/1ptfymh/worst_tv_shows_most_disappointing_shows_of_2025/,https://www.reddit.com/r/television/comments/1ptfymh/worst_tv_shows_most_disappointing_shows_of_2025/
1pta4dm,1766435476,2025-12-22T20:31:16+00:00,Down to Puck: Why Women Are Going Wild for ‘Heated Rivalry’,,0,20,0,modooff,https://www.reddit.com/r/television/comments/1pta4dm/down_to_puck_why_women_are_going_wild_for_heated/,https://www.hollywoodreporter.com/tv/tv-features/heated-rivalry-hbo-max-gay-drama-hockey-players-hit-women-1236456083/
1pryyo4,1766295607,2025-12-21T05:40:07+00:00,Heated Rivalry Ep. 5,,0,36,124,No-Lobster2726,https://www.reddit.com/r/television/comments/1pryyo4/heated_rivalry_ep_5/,https://www.reddit.com/r/television/comments/1pryyo4/heated_rivalry_ep_5/
1prte8s,1766277950,2025-12-21T00:45:50+00:00,Is Heated Rivalry made for gay men or straight women,,0,169,5,Inner-Economy4894,https://www.reddit.com/r/television/comments/1prte8s/is_heated_rivalry_made_for_gay_men_or_straight/,https://www.reddit.com/r/television/comments/1prte8s/is_heated_rivalry_made_for_gay_men_or_straight/
1pqlusu,1766152933,2025-12-19T14:02:13+00:00,"Heated Rivalry - 1x05 - ""I'll Believe in Anything"" - Episode Discussion",1x05,0,92,167,NicholasCajun,https://www.reddit.com/r/television/comments/1pqlusu/heated_rivalry_1x05_ill_believe_in_anything/,https://www.reddit.com/r/television/comments/1pqlusu/heated_rivalry_1x05_ill_believe_in_anything/
1pn9mop,1765811178,2025-12-15T15:06:18+00:00,"Heated Rivalry, Do Better.",,0,95,0,DiscoPandaWarrior,https://www.reddit.com/r/television/comments/1pn9mop/heated_rivalry_do_better/,https://www.reddit.com/r/television/comments/1pn9mop/heated_rivalry_do_better/
1plmrds,1765636433,2025-12-13T14:33:53+00:00,‘Heated Rivalry’ Stars Respond To Jordan Firstman’s Criticism Of Show’s Sex Scenes,,0,25,0,AdSpecialist6598,https://www.reddit.com/r/television/comments/1plmrds/heated_rivalry_stars_respond_to_jordan_firstmans/,https://deadline.com/2025/12/heated-rivalry-stars-respond-jordan-firstman-criticism-1236647834/
1pl1vye,1765570355,2025-12-12T20:12:35+00:00,‘I Love LA’s Jordan Firstman Takes Shots At ‘Heated Rivalry’ Over Sex Scenes: “It’s Just Not Gay”,,0,54,0,EuphoricButterflyy,https://www.reddit.com/r/television/comments/1pl1vye/i_love_las_jordan_firstman_takes_shots_at_heated/,https://deadline.com/2025/12/i-love-la-jordan-firstman-heated-rivalry-hbo-1236646306/
1pkwtvq,1765558320,2025-12-12T16:52:00+00:00,‘Heated Rivalry’ Season 2 Is Game On At Crave With HBO Max On Board; More New Deals Struck,,0,103,468,aduong,https://www.reddit.com/r/television/comments/1pkwtvq/heated_rivalry_season_2_is_game_on_at_crave_with/,https://deadline.com/2025/12/heated-rivalry-season-2-crave-hbo-max-1236646802/
1pksn2h,1765548143,2025-12-12T14:02:23+00:00,"Heated Rivalry - 1x04 - ""Rose"" - Episode Discussion",1x04,0,51,57,NicholasCajun,https://www.reddit.com/r/television/comments/1pksn2h/heated_rivalry_1x04_rose_episode_discussion/,https://www.reddit.com/r/television/comments/1pksn2h/heated_rivalry_1x04_rose_episode_discussion/
1pevuo7,1764943356,2025-12-05T14:02:36+00:00,"Heated Rivalry - 1x03 - ""******"" - Episode Discussion",1x03,0,6,24,NicholasCajun,https://www.reddit.com/r/television/comments/1pevuo7/heated_rivalry_1x03_episode_discussion/,https://www.reddit.com/r/television/comments/1pevuo7/heated_rivalry_1x03_episode_discussion/
1pdatgb,1764783524,2025-12-03T17:38:44+00:00,‘Heated Rivalry’ Creator Shuts Down Question About Actors’ Sexuality: ‘I Don’t Think There’s Any Reason to Get Into That Stuff’,,0,260,1094,lawrencedun2002,https://www.reddit.com/r/television/comments/1pdatgb/heated_rivalry_creator_shuts_down_question_about/,https://variety.com/2025/tv/news/heated-rivalry-actors-gay-creator-shuts-down-question-1236596915/
1pcr42d,1764726029,2025-12-03T01:40:29+00:00,‘Heated Rivalry’ Review: HBO Max’s Horny Hockey Drama Is a Playful Gay Romance for Grown-Ups,,0,125,315,_maeby_,https://www.reddit.com/r/television/comments/1pcr42d/heated_rivalry_review_hbo_maxs_horny_hockey_drama/,https://www.hollywoodreporter.com/tv/tv-reviews/heated-rivalry-review-hbo-max-gay-hockey-drama-1236435495/
1pbpkg7,1764624829,2025-12-01T21:33:49+00:00,Connor Storrie & Hudson Williams react to 'Heated Rivalry' already topping the charts on HBO Max and Crave: 'We delivered. We killed it. It's the best TV adaptation of all TV adaptations! You can quote me on that!',,0,56,442,rachiepants2017,https://www.reddit.com/r/television/comments/1pbpkg7/connor_storrie_hudson_williams_react_to_heated/,https://www.pride.com/culture/interviews/heated-rivalry-interview
1pbivqz,1764610012,2025-12-01T17:26:52+00:00,‘Heated Rivalry’ Actors Say Sexual Chemistry Started in Auditions: ‘Felt Like He Was Going to Pin Me Down and F— Me’,,0,14,0,lawrencedun2002,https://www.reddit.com/r/television/comments/1pbivqz/heated_rivalry_actors_say_sexual_chemistry/,https://variety.com/2025/tv/news/heated-rivalry-actors-sexual-chemistry-auditions-1236596271/
1p2x9tu,1763727941,2025-11-21T12:25:41+00:00,"Inside ‘Heated Rivalry,’ the Gay Hockey Romance Series Changing Queer TV",,0,15,0,meatball77,https://www.reddit.com/r/television/comments/1p2x9tu/inside_heated_rivalry_the_gay_hockey_romance/,https://www.teenvogue.com/story/inside-heated-rivalry-the-gay-hockey-romance-series-changing-queer-tv-exclusive
1p1iqwz,1763583862,2025-11-19T20:24:22+00:00,"Hockey Romance Series Heated Rivalry Sells to HBO Max in US, Australia",,0,83,147,signe-h,https://www.reddit.com/r/television/comments/1p1iqwz/hockey_romance_series_heated_rivalry_sells_to_hbo/,https://variety.com/2025/tv/global/hockey-romance-series-heated-rivalry-sells-hbo-max-us-australia-1236585535/
1o2ah57,1760026997,2025-10-09T16:23:17+00:00,Official Trailer | Heated Rivalry (Crave Original),,1,40,88,signe-h,https://www.reddit.com/r/television/comments/1o2ah57/official_trailer_heated_rivalry_crave_original/,https://www.youtube.com/watch?v=ADi1iextoUM
1m4rcdi,1753024392,2025-07-20T15:13:12+00:00,IMDb's Top 25 English Speaking TV Episodes of 2025 (July Edition),,0,8,0,tilomb100,https://www.reddit.com/r/television/comments/1m4rcdi/imdbs_top_25_english_speaking_tv_episodes_of_2025/,https://www.reddit.com/r/television/comments/1m4rcdi/imdbs_top_25_english_speaking_tv_episodes_of_2025/
1k5h496,1745354839,2025-04-22T20:47:19+00:00,IMDb's Top 25 TV Episodes of 2025 (so far),,0,155,131,TapedeckNinja,https://www.reddit.com/r/television/comments/1k5h496/imdbs_top_25_tv_episodes_of_2025_so_far/,https://www.reddit.com/r/television/comments/1k5h496/imdbs_top_25_tv_episodes_of_2025_so_far/
wjha23,1659985730,2022-08-08T19:08:50+00:00,Were Wrestling and Soaps the only ones doing Serialized Storytelling before it became popular?,,0,9,1,Gwen_Tennyson10,https://www.reddit.com/r/television/comments/wjha23/were_wrestling_and_soaps_the_only_ones_doing/,https://www.reddit.com/r/television/comments/wjha23/were_wrestling_and_soaps_the_only_ones_doing/
5xqx99,1488769588,2017-03-06T03:06:28+00:00,Feud - Series Premiere Discussion,,0,50,83,NicholasCajun,https://www.reddit.com/r/television/comments/5xqx99/feud_series_premiere_discussion/,https://www.reddit.com/r/television/comments/5xqx99/feud_series_premiere_discussion/
